id,origin_x,origin_y,dest_x,dest_y
1,30.25010755222667,2.7502931836911926,31.39537928525144,11.024951761715075
2,25.904925124490397,0.31782679481783593,22.326608933907394,16.020187290499805
3,27.160196129224033,17.01324973590236,12.204406220406966,35.89265683875909
4,7.588073671297673,1.5965931637689013,13.40250516517992,31.554794998117817
5,21.022102765198486,23.799273006373372,38.4749436634746,26.03726031366891
6,17.29731786693818,5.362280914547007,0.7880019807845817,32.93178281407093
7,35.77352145256762,27.045718362149234,16.6126331856771,7.730683407886919
8,28.553177210151468,8.664836667552697,2.779736031100921,36.356844442644004
9,31.62654097156085,23.552707002275216,7.018203134585513,26.835476655366673
10,26.091310056669883,1.7113864819809699,31.634024937619284,13.794554417576478
11,36.84614250989875,18.428519201898098,12.290480719641044,0.3210024390403776
12,24.01164787022329,20.661886052115474,26.5543866529488,13.956319010606641
13,21.428715904420628,31.39630319525506,7.470138116522579,24.284338272945796
14,3.6199644371361095,39.97325777989161,5.095262936764645,10.909094121737938
15,18.61102909666666,1.5284131934826106,17.92079364362964,14.221599667996841
16,23.847673116745,5.958884283611281,25.29114345099137,39.71078377613618
17,6.8028341025651855,1.1455174298368664,7.685987326574459,23.40175473031045
18,14.34765250669105,24.537237063292064,9.718880988701143,27.619621990520645
19,38.70518569836767,2.9844479144863287,21.52839268549635,17.625108000751514
20,5.98944584460229,4.886057080289479,39.29098616264617,8.787218778231843
21,12.394523103380589,22.408715924472332,20.85653452067879,4.8599046331661375
22,29.779844936773344,5.327061695295157,1.283914644997628,14.752823780987313
23,12.65056628940059,18.724330410852573,19.643629060074552,39.28913493002177
24,27.129489728191217,13.989922999974292,34.38100083914504,25.175758410355904
25,32.47905613666008,0.6402589632634492,5.883087184572333,2.30114732596577
26,30.071908389850936,17.07840946548454,12.289417838111543,9.054200130061279
27,20.708573498886533,22.38004634368995,32.14236807370439,31.323118487250248
28,32.429972423957246,34.72972942944594,11.904099143618778,30.969308142288234
29,13.542975665895538,34.11102276049738,16.733645472933016,9.841652113659661
30,30.606126740770137,7.282135884411827,31.91590072141654,15.362857539103445
31,4.218816398344042,12.785451446669406,38.744859540705804,10.753848883742894
32,30.50588329524881,9.992824684127266,9.689962572847513,9.263669830081277
33,31.66311110603914,14.856411254507185,28.646503940302154,19.02442865510549
34,13.78973118976916,19.85308843779726,9.265180735593333,27.851293567941216
35,14.23007485990163,29.57317640859673,31.54796825274064,32.96707825494564
36,15.791802908162563,5.421952013742742,20.57165272907483,25.841775944589713
37,10.568795797286846,15.078284969934185,25.950351064500275,6.752125536040902
38,34.03775551318277,19.415961272290893,16.19381510332103,4.192249153358725
39,29.347062577364273,22.042591994235366,32.656145125313536,11.308782821274564
40,14.57224572570452,29.290183317055142,20.093154568842465,6.211592554930928
41,30.73260721099633,2.1315431226704042,1.324565703664673,23.490088349645152
42,28.79270242484543,3.6952708873888396,14.3818457300771,15.432179622615868
43,16.1167776572595,29.87233063631504,6.678632037125835,5.546022824896778
44,39.389300039271035,1.3429111439336772,2.7234821231481634,16.04829827030224
45,22.03597312327453,26.342379588850797,5.054090580979872,22.51121252069894
46,10.922984677127335,4.235757725637264,0.4408676179905002,23.33556538605088
47,6.3711337730137965,12.619552624343482,25.516804211263914,34.276869189806796
48,1.11873880589335,9.45050939046639,5.4559028920552235,18.345950198860166
49,4.2978671288077175,10.418288581688579,38.9898148874259,27.961223048880417
50,18.989246365264748,2.1007653833975404,36.66933410635543,13.536786346146183
51,19.73837022637289,37.49477611143539,38.64605696219964,19.762060329309627
52,18.814162046633243,10.247863618981887,27.823864961476318,24.117131665515537
53,32.66805709594472,17.873745091354714,33.825417225969346,0.3872460766578645
54,32.22433717545665,38.16586605596929,23.496584244459186,38.20536380971562
55,32.22923547205809,16.60033182748629,3.282619511977065,38.64352942030286
56,3.5114612908275222,25.094056755280373,29.392371403247157,21.153417518514274
57,1.7856781617246364,29.625343157615553,11.084025472147111,4.345637585646443
58,24.36393883870608,29.8423584931659,33.851954333447274,5.765880434965995
59,0.4438653371323109,24.36057515454972,23.642214717812642,10.699738111263102
60,26.23155409946409,26.633874762655445,37.1975426301395,3.003222682112642
61,16.668929041057297,23.261829048574,1.9184009299014748,16.649294342127714
62,6.773179452727329,39.02805545732583,14.060751687581629,28.337251693040574
63,12.86913716868927,24.298881499898346,24.649881902470142,24.421597993048074
64,25.111739968745873,17.93735399106002,16.588507449984217,12.837864049930275
65,20.933872000755628,29.51999662452475,36.72795670557167,12.246406659972884
66,21.47353962245773,10.462137180927584,36.112739730606805,37.68489339000197
67,24.144410109977194,36.29765380737714,27.183459154989887,13.839784673927513
68,2.4398443957843883,36.560580111117844,8.926598262113664,8.604405654225214
69,37.78420406767325,2.1884113681231945,20.50218385140641,32.491982796599714
70,34.56461825470173,8.014166017222644,29.500396084431557,28.91425925810437
71,18.30569169721415,35.478719506108284,17.43655442159585,14.746744368230534
72,7.517767865005115,28.39862887841921,36.267484369817815,32.74597446917538
73,27.135448626110566,2.3449357801463533,23.197095684187623,25.401522225184564
74,1.508306580130866,13.830352924313381,20.64228850713878,14.075993696665867
75,24.157742341031557,32.0683438951441,13.894768126669412,37.69795772314663
76,8.567320323039343,7.6559457611806945,4.7697973255735695,39.42741657434097
77,17.534751250593857,28.534479505691046,15.382205676102316,37.346340607563576
78,34.8822947755025,12.729353117632566,30.290248199467154,33.36129543698382
79,7.241813776272887,38.40505663062559,9.807219775189232,15.341236295325043
80,5.918927756279109,36.62999756836162,26.427496480093357,1.3569948723056424
81,21.81729026513432,32.60156313919305,22.116602842114816,23.268458048813084
82,2.78256615638806,39.512041198605615,12.522715317823806,30.819062327616425
83,7.490242610828507,0.5208560824325548,32.24222165719748,20.686183704527693
84,17.542332040595262,9.496117327159888,28.392288462845983,16.21335656586158
85,31.262209748742062,16.694588446199106,24.65033983435221,12.562436965621867
86,31.677891433678024,26.072474938909316,37.77791886175433,1.6376581016719916
87,11.080987496576066,20.25678425497466,3.966544415166273,37.15014705049468
88,25.920978612498523,8.305716337803183,31.019013054459766,17.72480884951224
89,37.96227216600212,5.659325553673159,13.47203765308449,4.283780132347444
90,30.689567365196407,26.47543254056805,8.495756269995773,8.22330918090058
91,34.335234013258486,3.6218803849507197,27.07308643706077,34.35487145007677
92,6.159123540535511,29.19617656902767,34.64873771634508,38.257345984207554
93,3.223045829811182,22.45495169093691,22.789282491924702,4.508020001937705
94,25.698496446783224,36.68188470445494,20.286999977700894,28.50952836312459
95,14.875499323913443,13.548249661760952,3.4033884316428367,28.803199797582252
96,5.557910279195838,25.16627251714934,20.856129619580212,17.200746641041942
97,35.551762115818605,32.40323936124216,27.929328681323174,30.930533505546716
98,34.04401128677928,12.433051638767571,34.732604887595244,25.309219311457678
99,19.96631463959332,35.503884727566785,37.02854942185769,22.709164269761963
100,2.3053804129850777,27.212843313260695,21.19554741255053,25.3586396538375
101,11.915409730105447,17.386046535089505,7.245850010930516,29.766070228830568
102,19.80510630462513,28.326283633270677,33.608810691493865,13.022675887804356
103,2.743113267832673,19.74294931102738,16.974173929101944,21.26279492958409
104,31.025876467877605,30.12265403375508,14.693969449305103,24.4046879813601
105,19.65497643138295,12.524783904929727,31.140871407249247,30.653434351139325
106,30.7408217025564,36.294457069519986,11.517270069509564,8.111420762750475
107,10.851809083962301,22.48190955210116,16.063176512429628,37.90740829843419
108,37.75693539698217,13.803780261465494,22.973531325173873,35.88525138721103
109,13.053802443193604,36.21027321072148,39.47590200325378,2.0778790582355136
110,22.646461252900075,10.811874654669843,31.738135483264344,10.75064868901168
111,4.085175726600267,6.893711357847689,32.91259289031028,32.31476234556026
112,17.029875580937173,24.540313264070434,39.239110444825485,17.878280266467314
113,24.25138966104212,15.445623787105786,9.08411445212606,18.266311596500596
114,20.59638039513847,7.9262856623241165,14.391534486737374,24.68697970276162
115,16.997336849757172,29.426762407440407,34.37758863571598,35.98036662041103
116,17.345339232856155,36.03713640945911,0.913268866309852,9.619111021928367
117,9.995724168774514,6.722815843032393,5.762469846027468,27.631090041717055
118,14.705008232516334,16.515094894336862,1.8148914722312592,25.85329625277854
119,39.69055236065704,34.700103949603516,13.33308393665092,36.70133509521185
120,13.298036635789654,16.936736739834323,16.625835369914288,24.004522548136563
121,14.548259086017294,3.1451715717016793,21.159216014309578,27.725479260398078
122,6.57660386483129,5.42593594357195,10.542040853767286,35.184393924607285
123,36.25408742145009,37.59990536061017,22.670562382729326,11.310132289504466
124,14.381160950723782,26.982500291221722,30.288694424416633,6.300222770040605
125,37.09782825100259,13.10750138393335,5.522514090537331,0.9320920128152255
126,34.61447894178784,1.1746614908955755,4.983755047071953,17.16603325991791
127,4.1549034293535305,24.824995769578564,32.43730906075138,35.5126507688047
128,1.9061037094792832,35.993775986749,8.640269344285882,12.76247402822041
129,13.398752431142956,37.87717405764294,8.205494731855783,22.828389832828265
130,18.374759226064214,25.79923383883404,38.65260594700243,34.46547393043194
131,33.45123941693008,35.51917417070811,4.553446168665011,33.21777350229037
132,29.807746313325943,12.388055441662493,2.335624460578931,37.75544475099259
133,13.181763272338,4.729762502404143,3.8607875249098234,36.63688829484535
134,4.953286496164235,10.370196113455762,28.697003133622154,28.741903740543084
135,20.997116977419783,39.10441677696467,7.224438275706426,4.099786197463644
136,0.7482824824370882,17.815252912730248,3.385612340514317,26.927045985868823
137,28.517652923506915,8.52341336565893,9.54139592622676,36.267991790079876
138,38.72383017398536,30.358990998376864,22.347702431020217,6.843995744059167
139,19.974259229562154,27.46766366737927,19.783377282205457,37.60369692994266
140,34.43678551661706,6.940011627932345,0.4599096867721275,7.961434651622118
141,13.584633423003634,24.306867878554,35.3116631814876,15.659280619159368
142,11.699836490680974,10.789683506599946,6.197103685374153,32.40829791856313
143,2.321884442951523,16.379046310035683,22.553267081591542,30.09397431454871
144,29.01209423598883,36.776108856990795,10.73861900282873,19.45235634934646
145,16.389387023600122,24.24308938460898,4.568358126677865,23.021216705383136
146,8.533354586601858,31.06653267422361,35.74811930178645,29.926920436268976
147,10.21939597859565,28.30037561492844,2.744803801782277,35.65929016955699
148,19.106169537187107,7.451721541339701,17.75740979603381,22.301183909704164
149,32.19004538928105,21.901319892770882,6.777644586233595,27.209283766707088
150,6.282481036868983,19.03403704072968,13.08932883952636,4.408231901628116
151,37.323597679392385,20.90133375746219,13.267191257140105,24.155030934187774
152,21.321597977467835,15.39407758984421,35.30852373702785,29.134869744816967
153,12.569700845632623,18.246898125424075,39.673840761668124,32.95141449172492
154,28.042325386045107,24.683313888526953,21.407570150058827,9.665002094627521
155,9.672697473000323,38.04587644020562,30.90302875568583,23.94574560328712
156,5.365723082690591,24.547860277338746,8.224173012267743,39.402918917795546
157,36.74836555375322,4.714768679814386,29.152559087431595,22.2136720007399
158,26.35403922377939,4.642675363226804,16.492394462845912,21.166759367270544
159,19.46261532881946,3.043645843560052,31.161204807251096,32.34800032431329
160,3.886458311501425,13.710115154868827,15.873403455486075,37.265991505572416
161,16.54921897493464,38.33693083296322,0.32716286855046905,23.705299587344353
162,24.446958597790832,32.361126382309955,30.993546246061303,26.856802654812853
163,30.605500891666086,22.75881440861587,39.49010788262137,8.241910819315715
164,26.62768738061978,6.417044672332176,0.50578510662873,3.33509156432516
165,7.869780999763158,12.052055751428764,25.86383083581562,18.13052981121059
166,33.285595534322304,11.475541799414437,2.77274845975683,9.84028131847739
167,5.402154568631515,17.985138235576237,36.610576425973164,0.2578014978619836
168,3.582422792165328,7.8843153445371685,20.157810835111604,22.653675083249734
169,7.417180569541495,15.260855265978671,24.7624596542325,7.780170393142027
170,34.520054199087525,2.21549756418285,17.27242997163735,9.0875168790654
171,14.58042522097682,29.640261831220286,19.985867550893268,8.472985431672427
172,16.86097496062233,34.90268854144225,20.734907157664505,30.807904774107918
173,0.6568223332011391,12.750159995579532,23.80904398818521,25.973918551993133
174,14.537154175754717,26.05426791535313,37.93096093101646,1.1441407243007962
175,24.300699416663864,18.88091021988493,13.389316188351753,34.534989029074474
176,17.296125076345042,33.12548349997133,26.651078630603088,23.743010234355367
177,6.868210354669767,14.742678855891027,28.317718884748544,0.932301017036774
178,37.445889691918794,3.726468593759036,5.563707356153501,15.864650827394769
179,26.70013264732296,24.10808632922158,18.68092148869065,37.210606787461494
180,16.00410091224677,23.51646185693149,21.547301758582613,14.821893962043886
181,33.501139942211914,5.562654761043269,5.741000043314627,28.072213711523446
182,6.089949155530653,6.578312279988884,0.2895318106126832,22.732703887127247
183,19.21537521033173,23.51023420736982,18.69862706536438,15.663210947613763
184,0.6958542124833644,37.4096905911842,0.9175768305444532,5.304826886589295
185,4.198324937645031,33.40895981769333,33.116373697042164,23.243828920784267
186,28.833421845183434,1.5557990340448835,16.73968710613113,2.7210284354621894
187,14.856617048909962,34.42044186697779,2.1556896533774683,25.123463058011048
188,34.29913633397891,22.832464700804493,35.26934107148145,33.08419391851257
189,33.95263396087629,15.993249569444504,2.0442312435373178,9.45324087226644
190,7.641608957612477,12.894471312174376,30.07729906569312,7.470141234297678
191,11.29185701759215,15.325823478674238,35.00262346556213,18.333542024198785
192,30.72075496592158,28.617643620225884,14.362195955123122,4.59754250356275
193,28.621100136120663,5.757591607368311,7.094989615689342,34.17693959843481
194,34.05032307064955,9.661996910331261,18.01322154310452,16.1812526330424
195,30.881298812978848,28.444843598146967,34.356765269404,14.004498163160871
196,23.95766696859333,3.1027456183586133,22.215720588942514,27.791178686032644
197,25.104832845421484,1.1402663983855255,29.059227315800506,13.493752654723803
198,2.362688489467243,11.464442182776944,21.734990224420947,11.528697890059298
199,21.771461289472292,7.728480892475602,34.6395306851302,35.63735483287849
200,26.81133478314834,38.820481565929335,28.642468748314162,26.272174068997717
201,4.39762816341864,14.689210835263733,17.96329679151428,25.91419756831021
202,35.07336885289778,23.10407850606311,20.376072455710922,33.687375994898126
203,10.76731001173455,28.642500339252393,26.150083884155734,5.070678173339552
204,25.803294074111903,39.5423147672279,14.497337036509062,8.098159176979712
205,23.215267628804284,14.756290279430695,9.57722358866585,14.505231090150913
206,29.823855810933974,20.843291320245637,10.391421262006737,17.076217043232788
207,25.240685531701743,36.09805406322674,33.72851982101327,22.82893578614418
208,17.744647885737354,36.78897720559581,17.892269315636646,6.473053569693069
209,23.296907551177288,5.579632124184023,2.841469738781137,37.237336550024615
210,3.3336203606055657,15.827395145864196,33.10231737551812,26.56054718036055
211,1.2895165827156019,37.08834014371054,23.095818874159608,3.7667930605630016
212,28.131847838148012,26.701163999947227,26.460248207334878,4.234063663221037
213,30.182305377915327,23.08866070063881,23.417323451315482,17.661562076678194
214,22.265430465338873,11.375653531770793,22.957921016546216,7.881201736714002
215,16.619292373714174,8.763927725427418,5.9724644107162845,11.542527613211215
216,18.313450566891255,17.710978137309883,20.436924279545142,33.64299414130769
217,39.69588603408625,16.10595422125816,22.340029443354243,32.391684972455195
218,39.03974338137458,31.9401617622257,24.616799784409892,32.817717327037755
219,5.02906691487579,34.18660826729746,18.1689123958124,18.012592241515478
220,8.730019200593471,10.521798032610047,38.74116945052237,35.54540745424431
221,37.114009771190005,5.159093875524851,10.8387512537179,21.603123342453785
222,29.05306208978241,31.473486559916044,10.917135696590934,39.10504953727409
223,28.846297737180073,39.30471927126275,10.532568871710744,35.02007114693235
224,33.86166118044595,10.816054372110417,3.186848754497312,0.99083124393048
225,27.91380637482176,21.375995877258717,19.173961716127515,24.72454933047831
226,7.588411547656072,14.691101271554938,9.058574891032707,0.1900388491097038
227,28.349630992823812,15.488042454438354,11.111868603242383,32.8810157803923
228,11.218483451586176,22.384395034598228,20.628071510110637,38.36687720605335
229,35.96739042818947,30.164353522058946,37.185443277923525,12.91271987775258
230,6.148095827759507,2.405642388065435,11.873139117983825,36.682149029196346
231,30.67679322908846,25.260594453221707,3.904537325600641,4.70135078158486
232,9.810394225515603,32.536502610692125,3.570938765147329,0.6755955774189892
233,37.32941021450642,16.282569624756565,21.33409589859364,23.522990461141895
234,28.13508865556088,21.750891270517084,29.808191857888495,34.78531171617924
235,18.114976818476066,10.631005370322246,20.36983790199776,32.01590992836701
236,28.85790385618105,13.155958200497253,15.153835892544988,29.891227022961232
237,32.53313765202618,37.53290918818865,22.861108955515487,18.621385304692502
238,18.657982770780578,3.3192468638134454,37.9934241151824,4.369513831249364
239,7.433077055196212,38.94637494955053,29.73723584315309,24.962032265370226
240,33.67346926959682,37.97290880376666,8.011480874017739,27.270813243426357
241,24.306071520034468,9.950981648440754,15.45474397344637,13.21211428214594
242,23.2791990534156,2.9563994934034232,26.026216277306,34.261160728830454
243,23.51546983771992,30.423551628501293,36.148514821987646,24.349405040931355
244,10.750411649881592,6.375125378832983,35.13086019464552,27.498979842618898
245,19.527893962796078,11.427794683625498,20.34798965798542,30.67233363062109
246,33.621505825434205,29.494671118799197,16.050948288547854,6.790620569133949
247,33.72013378470684,27.630844717985795,5.294598815362896,13.980340459524498
248,2.4961165309339792,21.13448612585018,14.990439602564667,13.869873800392636
249,32.61776676587496,2.6028977113990335,22.1457042542372,36.11877182763642
250,32.001783409911205,31.35728417730527,24.520426852453973,8.986790307862304
251,29.972624040230418,38.105132183576316,26.678397904889678,27.09540486819588
252,18.91331682353889,28.513620507531257,17.936963838450026,15.087557451743008
253,39.85132546730193,7.9206567361114075,37.903730608077495,10.262840268082657
254,34.67405839291675,29.830119576427855,6.119483626205209,10.862154816519327
255,13.981599807709085,27.1693359850995,35.256956548303,37.69164550374698
256,21.25326782259194,3.1702767046048184,24.65833199621059,35.1736001181986
257,8.779601516504117,17.802629288383084,17.67781637357657,11.290329577968887
258,18.313908064675413,5.1810213292401635,11.64657079890124,23.226607511545556
259,33.46023082341873,19.40904054931535,18.459337061558657,22.50605308981999
260,1.251702951269027,23.028246061088762,25.025731447412625,1.6863590174770682
261,1.7120062305579231,16.244791874336656,28.425300041133887,25.636180344312958
262,0.8122285489336989,9.485468539703914,6.511299774855999,27.66959000916311
263,16.181084263249573,30.302858985814307,16.419072893012327,23.020941129546227
264,38.04688154215733,16.84990841195677,14.535441329551713,26.886135716729836
265,14.396054999204111,14.842511301073593,23.401925683517774,11.436686911626346
266,27.34199754804547,28.607773657543255,1.3076615155238647,33.70540198050291
267,33.19115886403157,4.664725670406364,4.4959601199566475,21.408776350081837
268,12.902120049699015,3.8414983350160603,12.482702803811865,38.65307501720718
269,18.134778464394493,19.337515352494048,21.898341012233598,21.593424118926045
270,24.987597083976542,33.08540482054429,0.9004909504378433,3.9324218411329728
271,29.666866305524756,32.15144422526241,30.48658132929656,22.813563383735286
272,32.85748381441017,30.08177405947241,34.30927769347541,8.824557309185929
273,37.63856764161989,23.65937352517563,0.511576873830083,35.61816865165944
274,35.532229266211516,20.73531749742842,27.644041147072397,32.79720677623982
275,31.286633906892153,0.9668148602473514,37.94897228380946,23.390852999525652
276,37.54965172292794,21.9905788155245,5.000779035706438,30.453033524670747
277,7.135918463248067,18.039658551942118,21.489406645764447,38.93131692078008
278,3.2796584763652623,16.13068121064678,13.92954587866483,16.16500487471516
279,15.937246556309868,25.073149862012965,37.08739806435438,32.99790564737414
280,3.683578098657696,6.738063924730166,15.837021418487863,37.96754813930147
281,5.9690961595319365,2.6553043698572134,37.21400112296307,15.835232770476399
282,15.24232332624683,17.211828352491246,1.4777570830033182,36.80726895050679
283,15.72570271404126,7.005209111414516,20.189373675066125,13.136924834458553
284,4.129601097889264,12.038916827021346,38.72817708912321,37.358372712686815
285,17.057752321517654,5.1868321156011294,29.98122868405482,24.78370983343401
286,3.1375259873781713,31.731824238573278,25.4627321924483,26.75868576556368
287,6.100765800787515,21.922641691367133,32.79006395921757,12.98499161190294
288,17.711742690876434,27.049009368365837,33.17040745018448,33.488031742013064
289,2.877893754979528,25.73476803873645,8.95760461540226,33.945324556408636
290,39.546088633914614,28.046158339565704,10.420664868327256,29.55313717679242
291,23.463635140956164,4.423761118648354,7.473384997180049,22.139868080770075
292,9.330239337833078,26.961713006468226,1.0922658157108,17.408909766884932
293,32.42458038410287,16.69833964893104,11.00197959045331,3.302936234873388
294,31.005449047773478,37.70766058098279,9.645187672253888,9.779107118330872
295,14.069074515468834,19.350320985961517,34.77448520440896,31.994559746676018
296,13.211677021191667,26.4589791789027,26.522987304190796,2.3222019922101698
297,19.132297256698525,1.750647754809631,19.339226105782004,10.363398492125555
298,7.879606298758379,31.86311631922489,18.767431679179232,20.092671684800997
299,39.28454846017017,3.3504211369575296,29.890994700887234,35.43300483556975
300,38.89259963769916,31.341999460090676,22.728370814979925,38.0881387824302
301,21.624942625397388,24.589144710323612,7.185981734558871,20.140841956184648
302,27.907676644252557,25.677812224209394,21.754949138384646,18.561465042734575
303,8.269898252763095,35.15280658959796,24.00833246627866,0.9538510579452808
304,4.7745409848989295,19.358253870013883,2.6078527706544383,2.355212528015339
305,9.540348226549126,23.019458396916146,2.6155315081539277,3.5955209056115587
306,30.621243318005362,11.182248478039726,11.597168252275631,26.860736198911106
307,16.90290377418814,26.38711325199383,36.14625448143849,22.19128600935344
308,4.781818997352239,14.549786727706703,34.15845615431225,25.492345088183647
309,37.57350523304326,38.01994991780031,27.61859619971107,16.80341919919398
310,25.255066562201677,5.281731240731934,30.781027221474403,25.64168722273475
311,18.287740539584252,9.028881602398087,25.727016742278646,11.498523813824143
312,28.54486007394951,24.41840552659631,27.1691796618065,14.888279668311897
313,28.08692083177237,34.534323001797816,14.567984757118762,30.57736780932525
314,26.727677122273693,33.08169564033151,3.959487099532575,8.164532259331306
315,25.783112650590354,10.452898027278287,37.00384878097176,25.411635040799055
316,19.345827988849464,0.6901914616031379,30.31734871023079,34.08866935819248
317,7.658276829237117,19.78333284924101,13.744609206382677,38.91333605218527
318,28.696202853107085,39.067673115245725,0.8024999262936672,39.64144376380686
319,6.5353409841870205,13.477698871391503,19.92846776077587,13.930586317840408
320,7.278581409061281,12.226902159662664,7.561794148589321,9.78490682679139
321,26.734998577765673,35.44445339025021,8.233604373757844,32.475120385037755
322,31.551213732037674,21.884804512367424,30.32217314909981,6.601976858022853
323,2.4066629414321197,0.6729090288949535,14.464410662486024,6.72023636872219
324,12.447341512183925,0.4423673005599782,22.34339278487562,32.17269210177553
325,11.401355751149046,9.934834412430483,38.15786256763317,17.315174831160185
326,25.77474814637882,27.725382124821238,33.01764435144203,11.432604341633287
327,34.13560206446804,12.751539205086054,16.2599313764833,14.272005822945435
328,30.46884096952455,33.444148297726095,7.85804595980518,33.187344573163124
329,14.082591768295885,32.99888494435401,17.544160972381253,14.735188204122199
330,33.00736418795148,17.07576797487972,29.147411738159054,35.62385949586909
331,15.572867581992732,31.34092751059078,32.549956456075364,13.30262993624105
332,29.222261045112223,8.471333859196118,20.51536629114014,13.771679749613398
333,18.736204584895397,1.8816329393275533,24.79394206470915,18.69473851524538
334,23.031880256311577,29.08994160706801,29.37159763202248,19.62077556114459
335,37.46879227456242,7.543307429471676,36.956262857049815,17.037685826757038
336,9.151264595935565,35.52079292547815,13.806617443729225,25.33650127416263
337,33.08422284286928,23.596446179808417,34.6600406690395,38.02816621820021
338,37.616289693097116,33.20233284788806,23.707049214312583,14.139301705786245
339,37.412523787164886,10.162199010012605,12.951922875077383,31.961917827268337
340,33.79839774741154,18.333627152869852,35.50642532517075,39.4346454504763
341,22.573267576348826,28.215919396923564,34.608289984482056,37.327722370250186
342,31.692657108601818,27.203135307620936,31.840477728612676,38.89364529715008
343,15.239444154040793,8.390684935949547,29.451881112008984,6.682155433931528
344,4.123922224155927,8.425447168253484,30.679679416654228,11.510296464647462
345,25.057329196930652,13.732006926868118,36.59284341989863,30.157317668692198
346,10.118509681278924,35.29417646841651,5.357381029239248,22.866885365332855
347,18.06167698947429,39.09773365998766,39.18048844459011,5.243854012258163
348,31.91932056991613,15.264559854002162,32.67324736676636,23.968964224980716
349,39.5929779414853,24.58997745551185,39.902330316397276,12.258572526274222
350,26.537357195591532,8.582191590211872,10.935005054271095,3.792640222398159
351,30.561149391289657,30.094501726541306,10.826861225058018,18.45329794540328
352,25.65856627951035,28.579603133636695,38.947912121426995,9.191522154402119
353,32.11417055884547,18.681168905816058,32.71095052708402,39.241592666085666
354,8.993116508650086,25.635098640479836,11.79354503220069,8.504276001042477
355,9.614691898760059,5.870361040844884,9.288749402533284,32.992768895808624
356,35.66695919891078,18.49442425289427,23.838462140829062,27.39745170920719
357,25.007928516377252,9.743233274359964,10.976857873580474,2.3214400439467022
358,23.40592746475106,7.690056533654424,9.689205272015549,33.263766469778545
359,7.835481389804622,24.505501947596926,33.55811197705848,19.411428449707252
360,11.85737845895401,35.85875121211051,0.8569411763673573,36.186158902598876
361,37.13108532678386,10.820380096731485,3.7999999308345576,17.838902818702227
362,7.396552889765946,13.166782286815362,30.915204286962393,9.429602273424525
363,23.599174973468966,32.697664432393864,0.8729723235511611,14.309795159760391
364,11.032929273416244,30.896188419603874,25.969245552870913,7.844387242528075
365,0.12340614883954437,34.138100697681274,27.24843844034791,5.5953654576247605
366,35.719604307495395,11.695829233923256,1.6950174524515904,32.689189635301474
367,4.931239422107847,20.632671502769544,12.759618716024036,32.99752253921563
368,23.61124912289528,9.442222956313943,35.93806398039079,31.955482248802603
369,31.35489525680676,0.06767369425471514,3.3221721531162696,36.201921878746894
370,24.402229214812532,24.306162209471722,3.004352846791234,16.03211268389813
371,24.790097423954553,11.776372713191407,9.687252217466956,32.91448151580053
372,39.67763085483605,37.819743696035765,23.76055302324147,28.164945154329132
373,3.650155373952375,39.32067152588446,25.922270342503854,15.456290854508222
374,9.53004611486296,4.616222228331485,24.384549543089086,12.913312079852954
375,28.189655680044584,7.956568359959544,16.729776523955405,31.391791226963402
376,12.42021167670799,26.58662968532318,17.890767632200628,30.739651355822886
377,35.82244019216337,35.34367401202117,15.436452033874776,37.90720917049259
378,37.01634287055593,28.12296975678995,21.09369425244287,2.4823096884490283
379,31.663384932801115,26.126779023132972,9.668111335686056,33.31596702081835
380,11.059445516060872,30.986065585817276,35.10676240525045,15.187977668493495
381,34.45778551504907,13.911341686775028,3.449673875995183,10.245626530257693
382,32.954322205184056,9.205475446710576,21.16069337958975,9.40676158146193
383,3.4832865232147525,13.43066680843626,25.211148298004716,13.483002966356466
384,34.38165938273027,6.9676326552366605,20.67174340041459,20.44683052675321
385,30.225851152031122,3.4307794755674834,19.299224464885924,17.404894846969317
386,15.5191028982502,13.309896555531692,19.584626217339498,32.318555474114106
387,6.297603188786788,31.86386925283662,13.955823781281133,37.37388369546137
388,24.495750113740797,14.295528411033434,7.047356159597344,2.057844793673219
389,25.773479052018526,7.995023568867097,13.657930294125148,11.970742751475456
390,32.62353395452361,8.626365474573074,25.969708292829935,26.113084211390017
391,33.47924637436754,8.455178026695592,18.137382542609338,17.059883609459803
392,19.186825798040964,25.90168364977479,3.1318574486569792,12.385727264387906
393,31.830445183314836,6.9343654171644555,4.182391062112586,31.378672985345574
394,4.2303878207321235,34.866702156923836,15.549125758324974,14.896420261922088
395,1.8709857996240264,18.41985214136548,18.655222308564124,9.51841950487967
396,31.36534714662496,38.152159406538615,16.846966705599865,34.15630435274112
397,24.886995119396857,30.826706257864668,7.958808896024273,2.205295062965893
398,12.74852918273534,5.376086182048194,17.80740197429965,15.656504611858594
399,35.497261845380514,31.13210995292023,32.67888909392901,5.43106182093045
400,35.4204337911763,27.56786242437441,25.463532747219645,39.89775727876683
401,37.35988697633674,6.536717023800723,32.97708935102894,19.993126692789076
402,22.628152247412277,38.621996254975244,24.39069903383333,9.93957684318617
403,32.09878167589774,17.37612982004314,38.61048696270242,26.10261802619477
404,11.659816176902591,31.39234965926776,28.135298654954337,18.054404933702784
405,35.322807973704116,25.96857685884599,13.236536158546816,17.040537617551884
406,15.727355798135925,29.52397345438725,31.355889064280092,7.500941364891159
407,19.187687118298253,39.924862256446744,7.014265273964315,11.326908562308343
408,7.11394848839169,18.284818026986326,4.894587259156378,35.77425529304161
409,6.278128207789741,23.751723278462272,26.336277633502977,8.801250813073235
410,24.02850773301821,7.4980238287319,34.54695649074421,24.880444804377056
411,8.689077628712004,8.471673260087075,27.30931937487053,4.584492566797177
412,38.50106239790698,27.956779266478453,2.1782993501520584,34.29643100685236
413,24.947149475554887,13.22865149589953,13.377551551707874,25.779336402609516
414,37.88303653476682,38.94154658038556,10.459429256586338,6.26179522155894
415,20.162813523727444,39.29432875347522,14.412859488764266,10.006759315121043
416,12.023182063973998,36.885918819115105,8.821477640419989,13.018655043764223
417,0.933399845256504,23.60435383397261,23.71843767646766,9.03800268835658
418,10.51787275048655,16.25604274164954,34.29230940755347,10.911991872168931
419,30.010863036917236,4.768067082609141,5.936794968410645,15.194442546366357
420,20.0928694760846,36.95597107288049,39.88154909464272,4.223139337750599
421,4.777002414377653,12.289468674590433,27.30763381763971,1.0242717044950667
422,23.67561689622618,22.992553274119594,7.734604836506241,37.53157800991068
423,6.415761485169838,16.77137077919044,25.30508276546681,0.08474741953009568
424,14.400994207798519,17.22432026364322,9.198941246547541,16.160760126007062
425,28.5996252460215,30.866880334659886,31.400131415757958,1.2315722249130834
426,3.5153564038312957,34.29388741511879,2.477863749635789,16.44620568187898
427,35.5339663178473,16.000078672258528,17.789696525132598,26.904760750146536
428,12.05445718152442,26.069268696719597,27.478436409812495,12.955420512420666
429,17.838015995764177,7.937780317267142,34.94887719943267,11.127436626038085
430,36.38082329883648,30.710120016953834,9.868825328431889,9.339244016742159
431,3.8683824882517746,18.38973302903625,13.654124628480986,36.82942049002426
432,39.54452983940887,37.70367049224614,5.873634969259244,0.13793425725290742
433,20.398268619371898,10.604688595882056,5.06610604274927,36.28570696060576
434,14.235752351716952,34.022774106445,2.7746773573456007,13.099068856166419
435,29.74313384354562,11.553771312265855,23.907315029683495,26.342942473532567
436,23.101694933971455,4.37486043050575,30.579059440231305,10.862127983914894
437,11.159865815443682,36.12296794420722,13.092900638735262,7.416935090575542
438,11.194430069078875,17.079006071180984,1.6383263093540756,9.530162017546976
439,1.6696295419238083,21.269306074811247,37.71430290489624,0.29356251172803494
440,12.719805950213537,30.63871989123148,24.961475689351392,5.107818794259718
441,14.996100057613832,5.668861282384499,31.57309981101126,27.733289532579846
442,32.28404423153251,5.088248849106468,18.586890091220177,0.12288073037203029
443,14.71764589577738,3.829794743673991,1.7896093376845168,19.603421453944236
444,15.528647884958644,9.13947669521129,12.245153138175755,32.482631833572434
445,22.712579580098165,20.77887069966912,31.194009296748114,26.73325716718592
446,11.793443502723056,8.043380194587566,0.689264377727451,34.65094177916886
447,17.735274795058853,23.106977740474115,25.530913953240677,0.07969173557455522
448,22.915950906560326,17.845072172873415,34.639266905804995,15.916909349848162
449,39.977871162639055,37.75885955955255,31.505663767932198,19.323975325378484
450,2.32997741859743,3.464236977394062,20.014620405355778,26.573038501759978
451,11.039490193515597,25.298144890600124,34.19815842002845,19.611850608877468
452,7.116524747001027,10.930266383580882,38.97287471931459,15.19759218492037
453,34.58458028544149,27.478993988402365,35.05427763860776,6.37215680032692
454,0.7483048432987749,35.67820728289208,16.62443928153949,31.307082864401618
455,12.609909389236101,23.150089154097582,7.007256063215421,37.35352868782368
456,24.52757852315574,22.33611226638313,21.36111846416719,17.70146620159656
457,31.554105513219366,1.643749806997682,23.14033287812118,31.207367370719055
458,39.646347222502285,22.076362256103536,14.63346595056414,28.52482185661149
459,21.57615377065516,6.860548429505152,12.150207894736882,8.565732712134245
460,0.9121290379134861,12.48218789461255,33.96244462679771,20.48950617590423
461,12.601667927212238,29.90676620407907,9.52096606823744,8.54601304622003
462,30.94725276992047,11.019073486618455,1.2145325550404873,10.616691844938122
463,31.30715237543978,18.23673415188356,36.8628526203556,29.375748980394377
464,25.82323801414063,2.5882065234652583,9.971614261304738,1.9775033669543318
465,28.092986652910078,30.919786386570184,21.22527659257474,29.422806610241153
466,11.679892087290565,5.738841998067228,4.961263912132553,33.82729438567258
467,11.728072118307892,32.14716105970027,12.74981769024242,14.460114306466565
468,0.34649443731505913,16.19176548845896,36.4727840047408,14.98891609996499
469,30.609790689328428,32.79775987438971,4.19234821196331,16.426525256384352
470,36.30754388824755,18.021680827711275,9.89403615761534,7.81915766845425
471,34.79684438888116,27.814351058354934,23.883812745693003,21.798158736978692
472,25.97116352759452,20.293034605366348,0.5859123027811852,29.915313234305707
473,37.66842168450273,29.996057468113463,11.001343373049576,16.56864421376234
474,5.336895645878102,27.91237212101068,17.64049723717511,9.47802478219655
475,3.5480463456515987,38.39222252305909,11.7610036757999,15.925195091814128
476,39.13980004128534,20.28206569727159,5.631088908640184,11.882336649052563
477,35.42124601520993,31.755567676606507,10.90257376850903,2.326233580832391
478,30.199279898885525,14.779889881661795,29.178961859206467,22.01464383352141
479,3.407590442667725,11.774598726539372,20.595559628450342,21.477120189861147
480,7.743664988198919,18.46480887579135,39.60558750275758,23.735907800833733
481,5.860166631715906,33.365610711408046,21.364516688574902,21.57503886016846
482,17.91842524999872,39.60662100368738,21.742026709555308,29.687428963331676
483,32.23237213980642,25.889501557831036,13.783841081471982,17.33994973365206
484,11.273483647235356,27.28830955935999,8.507569655350084,37.708303925781244
485,11.820817560135474,3.1821691186009504,36.39646772783624,11.041102330139859
486,31.406433681485684,37.45343328101983,33.46810124683228,13.195186791411594
487,28.216618054283096,6.700245711140535,24.46629934097794,22.65212440562876
488,36.93176076321265,13.50481161897316,37.204135879969684,0.4814745773328166
489,27.325844944987686,39.69101825105685,14.930819934738476,33.78712574774259
490,1.014285596371216,34.7948925039716,31.626565117484883,10.737093895613741
491,12.949086131161302,3.1871690795665755,30.742004017666595,1.701052031511907
492,1.6090449491132108,30.750024210441577,23.379505842479357,9.852761001411432
493,37.04504646591791,34.313233341458606,16.073176256548855,14.342003848932965
494,11.012578109733356,2.0555047671793716,24.092798657506457,15.541124323162293
495,6.605978927129735,22.97400647681566,30.4963544303851,5.717698078577415
496,31.53589934516734,33.60828921227273,10.87628359306972,38.23897307083161
497,31.99674800760946,30.257356927316856,16.381906590745707,19.770576959992653
498,38.43769074346937,33.08353400117729,4.7094445294958955,38.94877483405471
499,0.9113687755067923,25.4412602921968,13.710205248407474,13.814451871022706
500,14.457752707944582,12.632959666828842,22.63400809662359,38.37078752134457
501,11.511306744235391,6.964709510465596,30.85707311839917,3.437913865460467
502,19.707055371735756,35.897264423036034,18.407971664302504,8.184052148653736
503,19.656277040803015,36.870679323888865,35.72714290631219,32.35642019482421
504,10.789550497740832,29.02777201339154,15.021014703156048,9.004550614715917
505,1.2028187475543328,17.571887556391935,19.490614830282926,11.671647874427205
506,28.08460721319363,11.261859986385398,10.78368522139489,36.831254693522546
507,29.972692267787757,16.27226212232398,3.1974948876205445,27.271030091805304
508,20.870274408765074,5.563642039697989,28.566241806462468,25.196881775420692
509,7.865506388277717,6.230579285888082,11.125188426259339,31.496423195913415
510,39.24928166759273,5.626837594773225,18.674752677651753,28.801357846250323
511,12.641366301703712,36.5478767071355,30.374656704977134,32.75414142034754
512,6.182444886017983,16.8081286321328,0.38782532481795085,38.89574213914258
513,26.905137541709788,20.49290975524111,39.20834982906165,38.97031362149423
514,3.3786608142693275,7.936520599056403,12.803466531846416,24.91619213359317
515,39.72496642685682,2.279574136017674,19.742194246033105,24.431106133314287
516,22.694199810087635,24.167727277053828,21.879356908926113,2.113905021058976
517,17.409447989200082,37.59493295226257,38.2101739239846,25.152697026095566
518,10.656169676119319,17.095693983643894,1.356498210170598,38.512953409871926
519,1.7373735601278717,8.751805561254168,28.369766776086948,12.494902613242793
520,20.505592816921403,33.603750817822956,22.73977498474359,18.23506291689116
521,6.3540980907584395,31.238728588907,2.4193809458961155,4.887867390665679
522,21.775836941638616,38.70480771918463,33.4424900385375,28.376537702567273
523,7.489611344849333,26.888505376159543,10.274504898977701,20.49651042840685
524,28.57111187438302,16.473798917614822,6.5158733285596355,25.132812337581242
525,4.740972065293448,1.3231409078368206,16.011419504945337,10.084637271148713
526,6.083438828966435,29.430049680580176,18.954829750692504,38.515861730926424
527,22.51998709277876,34.66698015497216,5.844871558421262,30.07347572680665
528,35.61457117254601,25.937725425440824,12.984759262532975,21.081045305858435
529,23.362836538878156,2.7648324996676097,28.614916002518306,22.611469079264968
530,11.88360081240008,25.172935855796513,38.99687044745495,18.0542982263353
531,6.60530323681129,36.80755750387382,6.554005704624416,9.974690995782959
532,9.069115625215,24.045988946279504,15.830237024133574,9.947537300887884
533,23.431670496355732,17.133692892071842,39.065265055050546,36.71868475962409
534,18.45419244244595,28.406386945964,12.937840528607596,14.70780872761787
535,7.251866371061196,25.59031656108187,19.469233801939513,18.99591157850865
536,22.22253511512901,2.2332792538560864,14.20472568184811,28.868435496935035
537,32.60559235405704,22.940511216503428,34.705365676706805,8.663933696925397
538,24.72219682406083,1.9454380497692059,38.6749775469823,3.816692198055871
539,14.131072540138808,28.708491463530045,1.3736525917312392,12.002965907951435
540,19.871915993795064,38.928451233105434,21.432241522996385,38.62393943337116
541,17.789411774338145,14.875808457481074,26.34498969152671,20.047135014239938
542,2.0938236833507773,27.735422713205647,14.895770906300164,17.635691671054992
543,21.29405957568286,4.3371141428863655,14.033934803979504,39.653278401300334
544,0.04669137580136318,35.33782602842258,39.50068615481832,28.920063921974087
545,20.17916125630946,10.041238339743533,32.262657112890835,18.7698513525985
546,11.289308004283027,23.835504763076937,10.652870224702642,10.457183517381717
547,14.559263119685045,25.20288412245884,24.336652300355883,26.867801546713146
548,3.4273283925755993,19.013837761445245,37.50115582260683,21.648835088914957
549,0.19124733123319415,32.24321363323695,2.1119022916314467,10.219132720656159
550,11.231619817509609,17.111100900958505,13.751924326758395,6.403210852726486
551,15.939240678748504,0.4796037571109768,36.53567618400753,0.19741766514145165
552,34.16775565179544,3.802537629276146,4.7439633832773715,21.531270981244365
553,3.0111645475679225,6.61664576090722,6.2279777680064985,27.007263462034132
554,18.3065272047089,31.04914236900097,32.827067681700925,7.847600661684848
555,31.98646661706282,31.997493861463585,8.314988205071248,29.731197223191945
556,37.03436750246259,22.95351201000613,15.481387637284003,9.103566274620144
557,33.306036161967015,30.027379990573927,29.06880044269792,8.352321652632412
558,31.49144492666766,30.900826735759246,27.23563616898479,1.0129047859295737
559,6.443367915686986,24.567512347449803,12.641250227710408,20.500801958129472
560,18.74140449162159,18.5224868573671,38.01596102690448,23.127071069627643
561,30.9499847033058,7.582040048412383,10.096723277270698,1.383944426726924
562,13.286608260685757,18.945276173778957,8.784755373974736,20.929513154374224
563,21.828694203036427,24.007775142807528,22.7183309075019,33.85715489759314
564,37.9989909694895,36.488464838722635,11.130565563776461,16.96169873523795
565,19.815691705231888,8.443498474314467,34.160277166308965,5.907503029903385
566,21.812605605373022,33.79750779115888,36.11358419275405,28.625757745240936
567,4.830796563654988,14.88122776992153,14.406878802625263,30.633360464991096
568,20.12360212985934,28.683322718585202,39.778955575507986,16.698443582143156
569,25.190996790163453,26.882416434629274,34.32847907108912,7.266519684238507
570,33.45749487457503,36.76295568357441,1.4865445225710427,38.264378201838156
571,10.116448673859143,9.343714204201651,38.51871151446066,38.69415634612768
572,27.51430001047611,3.206338155336068,29.701450487834002,20.503507145265438
573,35.50495569730679,13.78637592518903,24.590945947482354,8.012612877267221
574,20.880198617025407,34.98456146173687,21.18706852053633,24.97373348066501
575,1.0264332148015243,4.1233854767554945,27.91783285172308,9.631712482800047
576,18.901108988250623,25.623325720939878,29.503551299933655,33.63342477569811
577,18.165886865773658,8.443174396042524,25.60150845106068,26.197579696770845
578,37.16658068129176,33.63294547169756,21.140233583557382,37.59319951079117
579,30.021969477933432,13.551389785847356,15.476905816941342,23.73890360460401
580,30.457781098550342,1.6415536770539085,8.218386599187262,17.42510890376263
581,11.06961505519519,36.10851766138684,21.207458073661943,18.521943717665707
582,24.57046008292989,17.814204036487546,21.077657472874918,24.144703451283302
583,37.72145173637229,4.5050459695896405,9.638547561975466,10.043376276669228
584,15.532263289042433,4.328103798539646,39.24370873781539,37.810814970818335
585,16.918177126240312,11.736502701825994,1.0355396112356763,16.57521811131731
586,25.041101193531645,23.84662638743704,32.73595879956111,19.635935376797526
587,14.528457060813668,21.333718310160936,16.02524449676382,38.86436855408749
588,18.430744312814944,25.478059713595176,27.11874356395145,29.355120774625355
589,22.008890823253445,16.241675892053884,16.866112973190365,29.21191764417095
590,9.813354962348672,16.50086387806978,15.038934390432496,16.943119737273264
591,27.103527271405255,27.607750248330667,35.828062710958584,39.42673650884309
592,16.742434855391735,38.9386600137792,18.77477234954395,24.223863691710292
593,5.227299862092023,0.2527214125447208,0.5306499950777122,10.566047742955567
594,7.501850186700537,21.6093539434323,16.83390328664787,21.464283901406958
595,16.9059485036401,2.95140565961606,38.140262175544684,21.024800063379764
596,37.424127358728605,15.612705527908107,16.929360752142486,20.46979881275332
597,3.875546486419903,39.567019700118266,29.65833213568662,20.538021923077498
598,2.030872227293379,28.68849961317516,28.299834819551442,39.11486377073739
599,37.551077052085496,25.466151367012415,27.76146745122332,19.642898231260308
600,14.48814922402992,29.834533235628818,21.869765815323237,1.7379513185530515
601,33.77198227052646,4.285078144007342,1.3006653011537228,25.839860576839314
602,0.05645136017820129,24.66331338209579,0.39940589321429854,19.28628238459155
603,17.73660949858888,6.253666625589778,14.905509411536766,25.7267699055493
604,30.72880795479055,27.076815613944753,39.569877176275035,15.206062873317038
605,14.159312437704216,15.370359525339087,23.494029508620358,8.833967388671175
606,23.310665366113025,22.935743571702037,39.96631082604338,38.23688400925202
607,1.1472195140226527,3.460072908227685,39.04496458487692,16.137010970607943
608,39.588968160739334,16.82551360768528,23.813726076180668,27.962065856530344
609,33.85875934784044,5.402373129425615,10.24705729718029,25.168678225734013
610,35.143090620846806,25.087355930027133,30.43851660910502,38.98281608905853
611,23.203127571485542,10.823454480485008,31.67394809213495,9.56276206473399
612,6.269330759754167,2.10781474935525,28.64950855712631,14.242094519411406
613,32.055795679819155,8.28748670985869,16.465611593183453,39.397511115083134
614,0.23752946102807093,17.168682838359132,10.875208979341986,0.5426807089144103
615,5.580842053178108,25.749622942627916,39.10986574431121,14.07632778495793
616,26.30217264625788,34.33025034639271,3.8950186724438316,1.1830576162661888
617,6.414227464816396,6.183493589106021,17.00882031383002,0.7258944479897711
618,32.898365988350804,6.858786590497993,22.81517444292264,9.266908797448586
619,3.9511325822861765,36.6072316490724,31.56323474149911,32.1986572546051
620,7.9677043704304555,38.49467438055012,19.601342650804344,21.440755374584832
621,39.5739164910812,20.111502077693057,1.2323515893349901,10.050298390740052
622,5.371520485544609,39.46979389228872,12.100528906903905,27.414304830398137
623,32.11736942921985,29.056280303443337,1.6095435756439502,12.20787969357408
624,1.9432621534632544,21.813579847736502,18.513877224254742,9.323698654031485
625,26.44674513859038,30.7314457215855,22.50687614814955,1.9741759244791601
626,39.515399063441976,33.571383590118224,31.00045057275423,16.19515777154333
627,23.177859372337252,14.50645978214935,16.934581293476366,21.523949620541334
628,38.07699764641622,29.58658921929504,10.048318826646714,12.461751385454841
629,37.121991272256984,16.408385443398657,8.401100587806553,21.34305832382889
630,28.778858295079615,24.628483760756104,37.747669615259156,24.86971382436691
631,31.757701608952253,6.0662766607086125,8.587136553707992,21.400016687161997
632,22.632346505935832,18.863358320788954,27.274253672018645,8.921051846342555
633,8.126423998317904,5.78900787272561,29.06303577398183,15.515939985261582
634,36.53908139282444,31.486329836086824,2.2330664762435504,37.72144843560463
635,11.338812594465995,25.011231713772712,23.967851576497075,5.021672696664309
636,38.47981840103866,18.065400569278985,17.57206071273511,11.403706926570866
637,11.791451839086207,19.487118316129784,7.359198088348244,14.83503415727431
638,30.40419826051735,27.61472377834038,30.62861161413469,13.694351854474743
639,16.685856000093672,5.178852297941303,33.88093109947996,29.17901944031145
640,10.399046985848976,6.485247487133079,37.03736252847622,5.213729041335506
641,8.348722662173934,22.633160693841536,13.766595695441612,13.785185170568285
642,25.16662897553939,3.7632878104354517,35.163717821675704,13.528980077597257
643,34.86861562674176,24.82110089713126,5.018369844707418,1.3896830707712993
644,12.299907660267369,15.14541273142971,2.1151710413575477,21.869056758087677
645,36.02020276466777,28.169550755495592,34.14613685095106,13.302247652430509
646,34.815166493894864,4.788146427200822,25.907908988091815,16.472592341405523
647,10.224460381542913,30.431443313351654,11.347240480001302,15.126428160011088
648,0.5591200416044417,12.582596460167085,15.166406926381464,14.05456316466313
649,8.785089829530365,7.27974315447696,19.47253868622694,22.16593417891885
650,38.67302398992094,31.70566783989696,16.008387144112,37.946160702604516
651,16.232117389116343,15.108049084582976,29.223519448449473,25.965333624973596
652,22.298137871787798,3.8546188274184754,30.165626272734148,5.227113430171585
653,18.26514185589263,36.05511017861207,14.758691854894774,16.14748169480367
654,18.77752637742968,5.314299501726717,30.93189965801246,6.593926111633244
655,8.969689528475316,7.748704230678033,15.220442296615541,33.7037745024878
656,16.976428071395794,4.289562644771206,37.89555585150954,33.81236496199055
657,34.25489396854364,2.545180281783732,39.10085356675485,10.838175809626778
658,12.578049763219134,30.054694541480306,5.779871458004462,1.1782860398115103
659,3.7502988170494223,2.0541869616334685,24.088450771739318,21.065832164494587
660,16.515759347779316,32.53632726231984,36.11880677011315,29.917986741707153
661,7.549719006098334,34.132281582959365,31.78719597832955,35.590938296534965
662,32.53777645442696,33.06653086674594,37.74194484244992,23.981297517998698
663,8.549989228235969,16.592828491262033,34.465948774152196,16.993114422950534
664,11.002786175493757,15.08343543116457,28.008537333501593,26.14025367029439
665,11.607380091332173,9.645702513745174,8.043693608871742,8.232554655174049
666,39.258617877978494,34.35377434552764,22.630919979644585,3.70835126042662
667,17.24494713428065,9.30684991065026,6.139655907167139,35.21005543220559
668,19.457158578456077,8.202287344282205,34.389720485412354,32.017072428060146
669,11.94746494543622,27.839594453537085,36.151899857035495,16.740243810121797
670,32.39256625287377,20.002872718546236,10.868428125740374,12.75936870125479
671,3.5312766335652803,33.95143117051206,25.17742700989295,17.36925540146395
672,29.19177421109124,5.49592653546436,33.474750888592574,28.155148794986893
673,36.06363407992252,11.94525193085961,5.749067217458147,32.61107505671939
674,15.06238096255548,35.58630712869659,13.399658944235405,21.17008997521864
675,8.76113046243067,28.13147349606374,29.660554556331057,35.6316860380493
676,37.574732850466724,19.612387253016145,26.81594673251513,38.965238227458784
677,4.81970162065836,2.5781976481940037,6.336617975581885,39.941980333654755
678,38.00161393849035,14.124259721893495,35.16504217204838,20.09723191714425
679,2.482576093620775,20.93009430162092,20.76028820533689,29.313962398356626
680,33.13872779559627,32.18566133784624,1.827844526404001,27.461562580101734
681,24.98999340363683,11.996665390943091,38.72742498408298,12.067786323220098
682,28.349404800660565,18.36334709961689,31.55995568476159,21.06689290105391
683,26.758121248765264,6.6342407832045005,7.64244212635527,5.414739546030245
684,18.48010595755965,3.7119653538366757,24.923403777042118,29.853613293244486
685,4.908053516065467,29.843946826775543,2.220927830798133,35.766651863474095
686,15.257354438250506,4.231758674854045,33.93716922852398,26.863386465303893
687,14.57196034316027,11.203681804108959,23.156512654513907,30.084186048196255
688,23.794280035868898,11.007478261398985,36.12778096361772,22.59700769090298
689,2.3713915250754525,24.713453647384554,23.659241511219268,24.987700166101966
690,24.190929435246634,17.521957633816424,38.5432608724082,22.79629531880684
691,15.714097181792495,19.7927245181719,38.141906641413996,17.208154594149374
692,35.55340047420701,18.563087387448803,21.458437353375363,19.59147920746669
693,4.729870245282974,10.097422910973972,14.995978261118506,39.955617702996015
694,27.853329366938784,23.000341821534487,13.984019018633276,6.905431759606442
695,12.154673249558961,2.5428968277975486,34.49854819063792,3.346565385145628
696,33.60306580069289,25.574914882469518,3.4414027646061274,24.117609047981908
697,38.67368583974137,29.631165609179142,25.768537564269785,16.498654831136086
698,19.79373133035817,12.846087318294423,26.731928401473503,24.874937443043617
699,28.896324491382202,33.81070998412846,14.637520807364002,29.565944309893872
700,16.40580652711668,19.2856666697106,16.31273408325837,35.71637573873794
701,20.791119274646004,3.436254875974203,23.16878241695561,22.9135635279442
702,6.053849730241618,23.954553251806505,27.80974036923099,39.38769834959245
703,24.13989060873673,31.83886199103384,1.2503991073200416,2.34627192184497
704,9.404373373379956,27.006969284246843,22.10571491471756,3.970455833003619
705,30.637923995911603,8.786909764497414,10.26364913366241,3.9701252076016944
706,21.039284040216526,6.181021716838655,3.0937065354999858,32.473965193151926
707,14.431604268139651,21.264117071872732,10.285712930199129,16.635491353038045
708,28.64241141648253,24.67193476669353,5.485452744725714,21.35114907991456
709,15.908309265791193,14.565434204865062,15.234598043545073,36.39528248710812
710,19.08923151695492,24.81651682702214,38.04707766246453,14.418603055765345
711,34.122038055941985,21.557175390688545,0.0009234639492805563,8.153797891608882
712,3.4388491724999426,14.691979552440262,6.877699637568622,4.919316541176848
713,32.996105179871066,37.658692034366375,15.97003752225752,27.96767383867636
714,31.885709793249955,28.82162068490344,13.947520796201832,31.632694953302888
715,8.28426855641291,32.205924262328466,24.222393827536926,2.3956181493856055
716,2.8467685467345296,27.429268921311518,11.880006257704052,30.68463952708298
717,2.8959529929128545,16.368927095483468,22.72134130451624,36.227537802755535
718,23.20643723155524,11.52149305117369,1.8593759814152566,1.0227348865653973
719,1.250392028331454,24.38416635447048,2.328104979559554,1.5068369369748857
720,32.17188085182852,34.20243027147477,34.63684467203429,27.914247142652954
721,20.80223097231584,27.505695816251936,0.5603834440189281,17.756529107125235
722,25.431919505458083,1.8160373860740875,8.172507239995703,28.282520473943315
723,39.745985028754596,7.146825212907967,7.712253330273345,34.4296094214292
724,11.991798763039307,7.3532277920094105,35.21139120057284,9.82115851405614
725,33.8912296057822,39.612138965138,21.586114364055117,27.282370779081127
726,32.53312740335089,6.385200120420238,23.604266560637917,10.520875145767455
727,29.7327406043506,12.359658377834332,13.245134876300968,31.67360356408286
728,5.846968600127815,23.95808300295053,30.08929855889342,10.419933690210954
729,36.88406538935097,31.549919424310225,22.48722256404895,4.999192065850016
730,29.30848784518627,29.969731029835355,10.597751316094225,6.445748966479185
731,31.258274576652266,2.3267463085606357,38.05525376586586,24.387188980965973
732,20.213528326842933,13.777689364415965,2.506962411006022,10.394885427154758
733,25.590247906350687,35.42734076805694,31.897758362196516,31.866267289491038
734,33.236808756917895,24.683947211155626,10.688765833611594,11.550254780753269
735,18.194185514997635,25.41605952137058,20.007198287242495,36.38026062443537
736,7.336577414388529,38.82932372530698,37.76016567797939,22.38786558216021
737,26.5828941737982,5.389565215934048,1.8986945244721887,36.83224182557681
738,6.130392423505268,13.22600039912794,21.104641340394043,25.232005391932354
739,20.43777263426731,9.377995366586317,18.734927775805723,12.020790286887822
740,31.916166402306676,30.318171498999906,6.579212582849684,35.25821362614412
741,0.49085627245560426,22.207227841463208,20.130861098335014,9.210352093632377
742,39.284037194383686,38.32077697515166,28.01019949010884,30.607001882860516
743,18.220265162666784,37.94249577138079,18.236429662774007,2.6581563449666525
744,17.343003382562706,8.344564982049507,29.446034820072356,9.605867454371248
745,31.012251207617815,2.310180033122081,1.8946041310667572,35.26192021793697
746,35.70027668962814,19.475033445574184,17.461083762758534,37.662834200160525
747,36.74492563744788,27.02550416180807,18.828240193732263,31.668093189035474
748,15.49965466570535,15.046927805059617,29.335199695253674,39.02484970652722
749,28.44854014901217,24.123432916714577,18.26154975040761,33.23450920048456
750,35.63144702804284,12.139281360437204,3.6000854493418166,24.524034742079657
751,0.0019562785560844898,30.346629022282098,15.957628266237858,25.17609358840329
752,10.06568828972682,29.843944253168008,28.557204255082063,10.217013714575994
753,9.19112082970613,25.112714883411158,0.9428712753755075,14.603698056612592
754,1.3840819347640998,13.670828930260639,32.32994148554234,18.11074236782658
755,25.70487159489082,5.690649369201198,27.3426595387758,17.23580526744515
756,31.729024908563225,38.257052443848856,35.9523120255958,3.003932538432746
757,0.7847739592285385,30.559227088233193,23.479302069529332,28.17141700046542
758,19.302460839437774,31.20540528519351,37.47678657269323,18.49478167312604
759,6.338871030317144,6.321936203724664,13.047833928792429,0.41182252163563193
760,3.2683162765504123,16.977686525940683,16.73635242369611,9.97367303020378
761,27.528402030105305,35.75254853850077,22.220856281514145,2.897830291566871
762,1.4801240065834698,33.3616817804087,35.71440590510629,30.49311098070088
763,2.6255797658174473,33.98527037365907,17.738251365562565,31.30375174895174
764,4.809225019760145,11.981085277189397,6.522484389791688,31.96099300393221
765,32.42315091726512,12.662570906935027,13.234116411562113,39.24138080895083
766,21.1252987140229,4.135820524658307,33.483078568465245,23.207383628526696
767,7.696812920631382,1.6925526401141222,36.16220994454503,29.901591822713318
768,26.231821562783306,34.404634240633065,31.99685213605756,13.738207903205694
769,21.123717407851043,0.5453801336175423,8.687523516449685,18.201339564299964
770,3.432713724210502,8.042807736342995,14.50061570638346,20.22748115151202
771,27.400129850060154,12.118753135487538,5.488000548111374,26.23041992857483
772,6.950711436476947,16.68260581928406,5.830049433264158,36.63528341999643
773,12.554563445621703,0.6011004957566812,27.89188494507422,16.179647763913977
774,14.64960818400665,9.45176482262717,23.886451472369792,2.713103790803375
775,38.64282273559954,20.190783239341943,2.31168620137817,33.80701202962848
776,39.03872060145855,4.8466215183416566,21.86417387417519,5.006508228688789
777,25.606875414129345,37.12469190519217,12.473921397497513,5.294153638551199
778,24.89932845483719,27.443907198086773,3.4677990290754543,3.51913082267181
779,12.362047657072127,29.782442672445463,8.118928600997455,26.25792363715763
780,8.904020860787615,38.14858637678337,9.441366982082974,9.49116418363108
781,31.517081807686846,18.971753149691715,0.8779501713730142,13.822071218544083
782,34.173333364752,15.728985529597786,19.70537173095217,39.09735393564171
783,24.49169185327245,21.317721322682296,5.810307006638782,16.84048636258431
784,28.62587661580068,13.089983961621828,4.300642981803849,19.090020952804153
785,6.562317530291523,15.648442873143562,13.174962108419392,15.573402980935688
786,31.841352158605872,8.395225098702172,7.270795332601915,17.65435012569185
787,19.611961872223894,33.03348104976151,1.5195705577066454,21.879336022345083
788,1.8474649657456732,17.624474837329654,6.056045112538567,26.12362021438117
789,32.30912377591267,10.260844927971164,26.881412847327162,4.766022200441854
790,37.1201912797666,33.73959401130501,4.914455970663347,31.375127223416147
791,22.262730600850993,14.08589160178146,9.254350831349097,9.501980424899163
792,37.42366661662899,19.882434174629566,20.661363242348894,19.271032061777937
793,28.671290026386032,34.899428985108635,28.667749051566787,28.87586915841578
794,14.048667682425284,30.41826275050118,7.202009134955517,33.941507087014976
795,15.206490912237488,4.516095925636621,35.18702652587512,13.956111966358918
796,15.577009498134094,5.1612668309479846,22.911793622341296,13.980398914545592
797,17.736770125301256,22.859145884316202,14.224621824504414,16.131342792438925
798,16.89952958501649,9.036756466495962,28.298935044266393,34.51698087829655
799,31.7977139188894,5.854477207201901,3.930667148050614,13.234609324551064
800,1.7887857894361558,5.9031547528965405,28.825484473607183,10.901796612894705
